100001,Alfie,Reigns,Male,1988,Kaneshie,alfiereigns@alfie.com,1.11E+09,IT, 
100002,dorpe ,edema ,Male,1920,juapong,a@gmail.com,1111111111,it,Form two
10003,dorpe ,edema ,Male,1920,juapong,b@gmail.com,1111111111,it,Form two
10004,dorpe ,edema ,Male,1920,juapong,c@gmail.com,1111111111,it,Form two
10005,dorpe ,edema ,Male,1920,juapong,s@gmail.com,1111111111,it,Form two
10006,dorpe ,edema ,Male,1920,juapong,a@gmail.com,1111111111,it,Form two
10007,dorpe ,edema ,Male,1920,juapong,ac@gmail.com,1111111111,it,Form two
10008,dorpe ,edema ,Male,1920,juapong,ah@gmail.com,1111111111,it,Form two
10009,dorpe ,edema ,Male,1920,juapong,aa@gmail.com,1111111111,it,Form two
100011,dorpe ,edema ,Male,1920,juapong,aq@gmail.com,1111111111,it,Form two
100012,dorpe ,edema ,Male,1920,juapong,p@gmail.com,1111111111,it,Form two
100013,dorpe ,edema ,Male,1920,juapong,ai@gmail.com,1111111111,it,Form two
100014,dorpe ,edema ,Male,1920,juapong,an@gmail.com,1111111111,it,Form two
